ID,sale,list,bedroom,bathroom,parking,maxsqfoot,taxes,Region,Location,   Age,Garden
1,1265000,999900,2,2,1,3300,4732,T,Near urban,Medium,Yes
2,2200000,1999900,5,3,3,3600,7712,T,Urban,New,No
3,1225000,1169000,5,3,2,3000,4448,T,Suburb,Old,No
4,1900000,1995000,5,4,2,3100,6783,T,Urban,New,Yes
5,1622000,1450000,3,2,0,2800,7436,T,Near urban,Medium,Yes
6,1180000,979000,3,2,1,3300,3650,T,Suburb,Old,No
7,1281000,1199000,3,2,2,2500,4230,T,Near urban,Medium,No
8,3170000,3150000,2,4,1,4300,10549,T,Downtown,New,Yes
9,1510000,1599000,3,2,2,3100,5907,T,Near urban,Medium,Yes
10,1240000,1249980,3,2,2,2300,2681,T,Suburb,Medium,No
11,1310000,1149900,3,2,0,3200,4360,T,Near urban,Medium,No
12,1315000,1100000,2,2,2,2600,5439,T,Near urban,Medium,No
13,1350000,1099000,3,3,0,2600,4750,T,Near urban,Old,No
14,1125000,1178800,3,3,1,1700,3814,T,Suburb,Old,No
15,3250000,3400000,4,4,2,3500,9020,T,Downtown,New,No
16,2800000,3079000,4,5,2,4100,10003,T,Downtown,New,Yes
17,1780000,1860000,3,5,2,2500,3808,T,Urban,Medium,No
18,3895000,3895000,4,4,2,4000,14315,T,Downtown,New,Yes
19,2235000,2299000,4,5,1,3000,6091,T,Urban,New,Yes
20,2825000,2895000,5,5,0,3000,7856,T,Downtown,New,Yes
21,1701000,1500000,3,3,4,4100,6627,T,Urban,Medium,Yes
22,2250000,1999000,4,4,2,3700,6981,T,Downtown,New,No
23,1149000,1149000,3,1,3,2100,5139,T,Suburb,Old,No
24,1875000,1298000,4,3,0,3500,6885,T,Urban,New,Yes
25,4150000,4295000,5,4,3,5000,16473,T,Downtown,Medium,No
26,1050000,999000,3,2,1,2000,4396,T,Suburb,Old,No
27,1360000,1099000,4,3,3,3100,4966,T,Near urban,Medium,No
28,3650000,3850000,3,5,1,3500,15077,T,Downtown,New,No
29,1390000,1389000,2,1,3,2700,4527,T,Near urban,Medium,Yes
30,3700000,3995000,4,4,2,2800,8995,T,Downtown,New,Yes
31,2300000,1925000,5,2,2,2500,7958,T,Downtown,New,No
32,2005000,2195000,3,2,1,3000,9861,T,Urban,New,Yes
33,3375000,3475000,6,6,6,4700,11497,T,Downtown,New,No
34,3855000,3750000,3,3,5,3900,18003,T,Downtown,Old,Yes
35,1415000,1480000,4,3,2,2900,4820,T,Near urban,Medium,No
36,4450000,4495000,4,4,3,4600,16478,T,Downtown,New,No
37,4500000,4500000,5,5,5,5000,21486,T,Downtown,New,No
38,3825000,3995000,5,5,6,3500,18332,T,Downtown,Medium,No
39,1226000,899000,2,2,0,1500,4054,T,Suburb,Old,No
40,1440000,1500000,7,4,4,3000,4623,T,Near urban,Medium,No
41,1661000,1329000,3,2,1,2400,6171,T,Urban,Medium,No
42,2023000,2289000,4,4,2,2500,8848,T,Urban,New,Yes
43,790000,799900,3,3,5,2000,4800,T,Suburb,Old,Yes
44,1635000,1659000,3,3,2,2500,2690,T,Urban,Old,No
45,2000000,1599000,5,3,2,3400,7443,T,Urban,New,No
46,2155000,2295000,4,5,2,3000,3451,T,Urban,New,No
47,1600000,1395000,2,2,1,3100,6735,T,Near urban,Medium,No
48,1325000,1325000,3,3,1,3100,4508,T,Near urban,Medium,Yes
49,3300000,3595000,5,5,2,5000,14415,T,Downtown,New,No
50,1660000,1690000,3,4,1,2000,5633,T,Urban,Medium,Yes
51,1165000,1149000,3,2,1,2800,3927,T,Suburb,Old,No
52,1850000,1999000,4,3,2,3100,6982,T,Urban,New,Yes
53,1175100,1399000,4,3,1,2000,6552,T,Suburb,Old,No
54,1185000,1198000,3,3,4,2600,4011,T,Suburb,Old,No
55,1085000,958000,3,2,1,2400,3460,T,Suburb,Old,No
56,902000,899900,3,2,1,1700,3547,T,Suburb,Old,No
57,1750000,1750000,4,4,5,2500,6929,T,Urban,Medium,No
58,1259227,999000,2,1,1,1500,3885,T,Near urban,Medium,No
59,755000,649000,1,1,1,1600,3160,T,Suburb,Old,No
60,1860000,1898000,3,3,2,3400,6736,T,Urban,New,Yes
61,1350000,1370000,3,3,1,3200,4695,T,Near urban,Medium,Yes
62,1825000,1795000,5,4,2,4000,5871,T,Urban,Medium,No
63,2500236,1799900,4,4,1,3600,9515,T,Downtown,New,Yes
64,1155000,1000000,5,3,1,3200,3709,T,Suburb,Old,No
65,1410000,1449000,3,2,2,2900,4768,T,Near urban,Medium,No
66,1128000,1149000,3,2,1,1500,4494,T,Suburb,Old,No
67,1600000,1629000,3,4,1,2700,6950,T,Near urban,Medium,No
68,3805000,3995000,5,5,4,2900,19499,T,Downtown,New,Yes
69,2015000,1999000,6,3,2,3500,6455,T,Urban,New,Yes
70,2350000,2299000,4,4,1,3000,7191,T,Downtown,New,Yes
71,1800000,1899000,3,2,1,4300,7285,T,Urban,Medium,Yes
72,1150000,1139000,3,2,1,2700,3683,T,Suburb,Old,No
73,1210000,1276000,3,2,1,3100,5351,T,Suburb,Old,No
74,875000,895000,2,2,2,1900,3150,T,Suburb,Old,No
75,3150000,3249000,3,4,2,2500,9020,T,Downtown,Old,No
76,1590000,1599000,4,4,2,4300,6643,T,Near urban,Medium,Yes
77,1832000,1699000,5,2,2,2500,7419,T,Urban,Medium,Yes
78,2302000,2299000,3,3,2,5000,9964,T,Downtown,New,Yes
79,860000,868900,1,2,4,1600,3676,T,Suburb,Old,No
80,2199000,2299000,5,3,4,3000,6043,T,Urban,Old,Yes
81,890000,900000,3,2,1,1700,4217,T,Suburb,Old,No
82,805000,799000,2,2,2,1800,2654,T,Suburb,Old,No
83,1388000,1459000,3,2,1,1500,4594,T,Near urban,Medium,Yes
84,1280000,1348000,2,2,1,2400,4274,T,Near urban,Medium,Yes
85,1389000,1389000,4,3,2,1600,4780,T,Near urban,Medium,No
86,1400000,1499000,3,2,2,2600,4973,T,Near urban,Medium,No
87,1200000,1149000,3,2,8,1500,4114,T,Suburb,Old,No
88,3385000,3499000,4,4,2,3500,17719,T,Downtown,New,Yes
89,1500000,1650000,3,3,2,3200,6320,T,Near urban,Medium,No
90,2103000,2098000,4,4,2,4600,8671,T,Urban,New,No
91,1420000,1495000,3,2,2,2500,5713,T,Near urban,Medium,No
92,2600000,2799000,6,5,3,3800,9696,T,Downtown,New,Yes
93,672000,679900,2,2,1,1500,2577,T,Suburb,Old,No
94,5100000,5495000,7,5,10,5000,23592,T,Downtown,New,Yes
95,1550000,1588000,4,4,1,2900,6049,T,Near urban,Medium,Yes
96,3080000,3195000,4,6,2,2900,5925,T,Downtown,New,Yes
97,2175000,2499000,4,3,6,2500,4688,T,Urban,New,Yes
98,1170000,1100000,2,2,1,2900,3000,T,Suburb,Old,No
99,1300000,1298000,3,2,2,2900,4592,T,Near urban,Medium,Yes
100,2240000,2399000,4,4,1,3500,8097,T,Downtown,New,Yes
101,1715000,1850000,3,2,2,2400,7741,T,Urban,Medium,Yes
102,2260000,1999000,4,5,1,3200,7878,T,Downtown,New,Yes
103,4650000,4850000,6,5,2,5000,13279,T,Downtown,New,Yes
104,950000,799000,2,1,1,2200,3841,T,Suburb,Old,No
105,2500000,2500000,4,4,3,4700,8622,T,Downtown,Old,No
106,1305000,1349000,3,2,2,3100,5660,T,Near urban,Medium,No
107,1075000,979900,3,2,3,2500,4678,T,Suburb,Old,No
108,855000,699000,6,3,3,1700,3558,T,Suburb,Old,Yes
109,2800000,2999000,6,4,2,4300,7698,T,Downtown,New,Yes
110,1085000,849900,3,2,1,2100,4457,T,Suburb,Old,No
111,1410000,1375000,5,3,8,3100,6885,T,Near urban,Medium,No
112,1570000,1599000,3,4,1,2500,6457,T,Near urban,Old,No
113,1738000,1698000,3,4,2,2500,6109,T,Urban,Medium,Yes
114,1354000,1099000,4,3,2,3400,5033,T,Near urban,Medium,No
115,3995000,3995000,4,3,2,4500,13980,T,Downtown,New,Yes
116,1898000,1898000,5,5,2,3000,7496,T,Urban,New,Yes
117,1708000,1499000,3,3,6,2000,7089,T,Urban,Medium,No
118,3010000,2895000,4,5,2,3500,8750,T,Downtown,New,Yes
119,2155000,2295000,4,5,2,3000,6454,T,Urban,New,Yes
120,1259000,999000,2,1,1,1500,3885,T,Suburb,Medium,Yes
121,1050000,1088900,4,4,4,2500,5510,M,Near urban,Old,No
122,837000,850000,3,2,3,1500,3917,M,Suburb,Old,No
123,1140000,1199000,4,4,6,2500,5778,M,Near urban,Old,No
124,1625000,1639000,4,4,4,3000,7687,M,Urban,Medium,Yes
125,1450000,1484000,4,3,6,4200,6484,M,Urban,Medium,Yes
126,4750000,5499000,7,6,8,5000,6017,M,Downtown,Old,Yes
127,1375000,1250000,4,4,6,3200,6822,M,Urban,Medium,Yes
128,4492000,4950000,5,5,10,4700,25575,M,Downtown,New,Yes
129,1160000,1190000,4,4,6,3000,5105,M,Near urban,Old,No
130,2300000,2349850,6,4,9,4500,15138,M,Downtown,Old,Yes
131,910000,799800,3,2,3,1800,4959,M,Suburb,Old,No
132,1187500,1200000,3,4,4,2100,5173,M,Near urban,Old,No
133,1155000,1164800,4,3,6,2500,5981,M,Near urban,Old,No
134,2270000,2300000,6,4,7,3500,12200,M,Downtown,Old,No
135,3000000,3299900,4,3,10,3400,11711,M,Downtown,New,No
136,1875000,1900000,3,1,6,3700,7844,M,Downtown,New,Yes
137,1355000,1249000,4,4,6,3000,2768,M,Urban,Medium,No
138,985000,999000,4,3,8,2000,4950,M,Near urban,Old,No
139,1835000,1899500,3,4,6,2900,11585,M,Downtown,Medium,No
140,1130000,999000,6,3,6,1600,6563,M,Near urban,Old,No
141,1205000,1175000,4,4,6,2800,6508,M,Near urban,Old,No
142,955000,879800,4,2,5,2100,4834,M,Suburb,Old,No
143,1670000,1759000,4,4,8,3500,8881,M,Urban,Medium,No
144,1875000,1950000,3,4,8,2000,12387,M,Downtown,New,No
145,940000,899900,3,2,5,2500,5219,M,Suburb,Old,No
146,4560000,4500000,4,6,10,5000,23755,M,Downtown,New,No
147,2000000,2198000,4,4,6,3500,12046,M,Downtown,New,Yes
148,1410000,1469000,4,4,6,3000,6083,M,Urban,Medium,Yes
149,1040000,1050000,3,4,6,2500,5199,M,Near urban,Old,No
150,1275000,1298000,4,3,2,3100,9314,M,Urban,Medium,No
151,1055000,1050000,3,3,4,1900,5404,M,Near urban,Old,No
152,1039000,1049000,3,4,2,2500,4955,M,Near urban,Old,No
153,980000,879000,3,4,4,1900,4936,M,Near urban,Old,No
154,920000,920000,3,3,4,1700,4716,M,Suburb,Old,No
155,3050000,3198000,4,3,4,3500,14252,M,Downtown,New,No
156,1350000,1369000,4,4,4,2500,6502,M,Urban,Medium,Yes
157,1380000,1399000,4,4,4,2000,5800,M,Urban,Medium,No
158,2375000,2475000,3,4,6,5000,13931,M,Downtown,New,No
159,1610000,1679000,3,4,6,3400,10252,M,Urban,Medium,No
160,825000,835000,3,1,3,1600,3600,M,Suburb,Old,No
161,930000,939000,4,4,4,2000,5546,M,Suburb,Old,No
162,862000,875000,3,2,6,1800,6000,M,Suburb,Old,No
163,837000,849000,3,2,2,1600,4413,M,Suburb,Old,No
164,816000,819000,3,3,4,1500,4200,M,Suburb,Old,No
165,905000,918000,3,3,4,1600,4506,M,Suburb,Old,No
166,1100000,1150000,4,3,6,2300,6192,M,Near urban,Old,No
167,1820000,1749000,4,4,8,5000,11640,M,Downtown,Medium,Yes
168,1290000,1338000,4,4,4,2700,6704,M,Urban,Medium,Yes
169,820000,828800,3,3,3,2000,4181,M,Suburb,Old,No
170,968000,899000,3,4,2,1700,4819,M,Suburb,Old,No
171,1070000,958000,3,2,4,2400,5062,M,Near urban,Old,No
172,865000,799000,4,3,4,2000,4716,M,Suburb,Old,No
173,2105000,1999000,4,5,2,5000,13464,M,Downtown,New,Yes
174,837000,850000,2,2,3,1500,3917,M,Suburb,Old,No
175,1140000,1199000,4,4,6,2300,5778,M,Near urban,Old,No
176,1625000,1639500,4,4,4,3000,7687,M,Urban,Medium,No
177,2335000,2348000,7,5,9,5000,12650,M,Downtown,New,No
178,1450000,1484900,4,3,6,4300,6468,M,Urban,Medium,No
179,1001000,899000,4,3,4,2500,6083,M,Near urban,Old,No
180,4750000,5499000,5,6,8,5000,6017,M,Downtown,New,No
181,1750000,1695000,5,5,10,3500,8040,M,Urban,Medium,Yes
182,1155000,1648000,4,3,6,2500,5981,M,Near urban,Old,Yes
183,2270000,2300000,5,4,7,3500,12200,M,Downtown,New,No
184,1355000,1249000,4,4,6,3000,6759,M,Urban,Medium,No
185,1125000,1149000,4,3,8,2500,6087,M,Near urban,Old,No
186,930000,930000,4,4,4,2000,5546,M,Suburb,Old,No
187,816000,819900,3,3,4,1500,4200,M,Suburb,Old,Yes
188,820000,828000,3,3,3,2000,4181,M,Suburb,Old,No
189,1625000,1639500,4,4,4,3000,7678,M,Urban,Medium,Yes
190,1335000,1249000,4,4,6,3000,6759,M,Urban,Medium,No
191,2105500,1999000,4,5,2,5000,13464,M,Downtown,New,No
192,1625000,1639000,4,4,4,3000,3567,M,Urban,Medium,No
193,675000,673000,1,1,1,1700,2600,T,Suburb,Medium,No
194,765000,752000,2,1,2,1800,3000,T,Suburb,Old,No
195,786000,743000,2,2,3,1500,3100,T,Suburb,Old,No
196,810000,832000,3,2,3,1900,2900,T,Suburb,Old,No
197,856000,864000,4,2,3,1700,3589,T,Suburb,Medium,No
198,867000,832000,3,3,2,1900,3420,T,Suburb,Medium,Yes
199,876000,853000,3,2,1,1800,3578,T,Suburb,Old,No
200,893000,893000,4,3,2,1800,3689,T,Suburb,Old,No
201,904000,879000,3,2,2,1600,3678,T,Suburb,Old,No
202,952000,943000,4,2,2,2000,3967,T,Suburb,Old,No
203,1052000,1043000,2,2,2,2200,4389,T,Suburb,Old,No
204,1076000,1063000,3,2,3,2300,4789,T,Suburb,Medium,No
205,1084000,1082000,4,3,2,2300,3589,T,Suburb,Old,Yes
206,1086000,1079000,4,3,3,2200,5023,T,Suburb,Medium,No
207,1123000,1112000,3,2,3,1800,3289,T,Suburb,Old,No
208,1129000,1124000,5,3,2,1700,5289,T,Suburb,Old,No
209,1148000,1136000,3,3,3,2200,5378,T,Suburb,Medium,Yes
210,1152000,1148000,3,2,2,2700,3898,T,Suburb,Old,No
211,1159000,1149000,4,4,4,2700,5102,T,Suburb,Medium,No
212,1164000,1158000,4,3,3,2600,3690,T,Suburb,Old,No
213,1173000,1165000,3,3,3,2800,4690,T,Suburb,Old,No
214,1176200,1168000,4,4,3,2900,3489,T,Suburb,Old,No
215,813000,808000,2,2,3,2400,2899,M,Suburb,Old,No
216,812000,811000,2,1,3,2300,2788,M,Suburb,Medium,No
217,826000,814000,4,2,2,1600,3879,M,Suburb,Old,No
218,825000,815000,2,2,4,2400,4589,M,Suburb,Old,No
219,821000,809000,3,2,3,1900,3897,M,Suburb,Medium,Yes
220,835000,813000,3,3,3,1800,3859,M,Suburb,Medium,Yes
221,831000,824000,3,2,2,1700,3589,M,Suburb,Old,No
222,837000,824000,3,2,2,1600,3467,M,Suburb,Old,No
223,865000,851000,3,2,3,2100,3590,M,Suburb,Old,No
224,863000,852000,3,3,4,1900,3440,M,Suburb,Old,No
225,905000,891000,2,2,1,1700,3879,M,Suburb,Medium,Yes
226,913000,902000,3,2,2,1700,4589,M,Suburb,Old,No
227,923000,913000,4,3,3,1800,4968,M,Suburb,Old,No
228,935000,935000,3,2,2,2100,5234,M,Suburb,Old,No
229,931000,924000,3,3,2,2000,5367,M,Suburb,Medium,Yes
230,940000,931000,2,1,2,2400,5378,M,Suburb,Medium,Yes
231,954000,934000,3,2,2,2100,4690,M,Suburb,Old,No
232,961000,952000,4,3,3,1800,4789,M,Suburb,Medium,Yes
233,981000,963000,2,2,2,1900,4899,M,Near urban,Old,No
234,983000,976000,3,3,2,2000,4936,M,Near urban,Medium,No
235,1003000,997000,4,3,2,2100,4938,M,Near urban,Old,No
236,1034000,1025000,3,3,2,2200,4897,M,Near urban,Old,No
237,1041000,1038000,4,3,4,2300,4289,M,Near urban,Medium,Yes
238,1051000,1047000,4,3,3,2100,4287,M,Near urban,Old,No
239,1054000,1054000,3,3,2,2500,4478,M,Near urban,Medium,Yes
240,1070000,1068000,4,3,2,2100,4689,M,Near urban,Old,No
241,1102000,1095000,5,3,4,2300,5278,M,Near urban,Medium,Yes
242,1124000,1118000,4,3,2,1900,3879,M,Near urban,Old,No
243,1132000,1128000,3,3,3,1800,5178,M,Near urban,Medium,Yes
244,1141000,1138000,4,3,3,2100,5678,M,Near urban,Old,No
245,1142000,1139000,2,3,4,2300,5478,M,Near urban,Medium,No
246,1157000,1148000,3,3,4,2500,5045,M,Near urban,Old,No
247,1154000,1149000,4,3,3,2800,3967,M,Near urban,Medium,No
248,1162000,1159000,5,4,4,2700,5290,M,Near urban,Medium,Yes
249,1182000,1179000,3,2,2,3100,3890,T,Suburb,Old,Yes
250,1187000,1179000,4,4,3,2300,4590,T,Suburb,Medium,Yes
251,1184000,1184000,4,3,2,3200,3968,M,Near urban,Medium,No
252,1201000,1189000,3,3,2,1600,4390,T,Suburb,Old,No
253,1203000,1197000,3,3,3,2500,5390,M,Near urban,Medium,No
254,1213000,1206000,4,3,3,3000,5289,T,Suburb,Old,No
255,1222000,1217000,4,3,3,3100,4390,T,Suburb,Old,No
256,1224000,1218000,4,4,3,3200,4390,T,Suburb,Medium,Yes
257,1243000,1238000,2,2,1,2400,2390,T,Suburb,Old,No
258,1254000,1247000,3,3,2,2500,2690,T,Suburb,Medium,Yes
259,1257669,1248000,2,2,2,2300,2178,T,Suburb,Old,No
260,1265000,1259000,3,3,2,3200,4890,T,Near urban,Old,Yes
261,1274000,1269000,4,3,3,3100,4859,M,Near urban,Medium,No
262,1291000,1289000,3,3,3,2700,4590,M,Urban,Old,No
263,1334000,1316000,4,3,3,3100,5189,M,Urban,Medium,No
264,1352000,1338000,5,4,3,2700,5389,M,Urban,Medium,Yes
265,1354000,1349000,3,3,2,3000,4189,M,Urban,Medium,No
266,1355000,1347000,5,4,4,3200,4189,M,Urban,Medium,Yes
267,1372000,1365000,4,4,4,3100,5289,M,Urban,Medium,Yes
268,1384000,1376000,5,4,3,2500,4879,M,Urban,Medium,No
269,1413000,1406000,5,4,3,2900,6589,M,Urban,Medium,No
270,1452000,1438000,5,4,4,4200,6268,M,Urban,Medium,No
271,1283000,1256000,3,3,2,2600,4839,T,Near urban,Old,No
272,1284000,1276000,4,3,3,2600,4920,T,Near urban,Medium,Yes
273,1301000,1290000,4,3,3,2800,4689,T,Near urban,Old,No
274,1304000,1287000,4,3,2,2900,5390,T,Near urban,Medium,No
275,1312000,1308000,4,4,3,2900,4489,T,Near urban,Old,Yes
276,1315000,1308000,3,3,2,2800,4578,T,Near urban,Medium,No
277,1326000,1319000,4,3,3,3000,4689,T,Near urban,Old,No
278,1352000,1338000,3,2,2,2600,5267,T,Near urban,Old,No
279,1354000,1348000,4,4,3,3100,4200,T,Near urban,Old,No
280,1353000,1347000,4,3,3,2800,5025,T,Near urban,Old,No
281,1362000,1354000,5,4,3,3200,5015,T,Near urban,Old,No
282,1384000,1379000,5,4,4,2400,4956,T,Near urban,Old,No
283,1385000,1379000,4,4,4,2300,4489,T,Near urban,Medium,No
284,1394000,1386000,3,3,3,2800,4279,T,Near urban,Old,No
285,1402000,1398000,4,3,3,2800,4690,T,Near urban,Old,No
286,1412000,1408000,5,3,2,3000,6500,T,Near urban,Old,No
287,1413000,1405000,3,3,3,2800,4958,T,Near urban,Medium,No
288,1413000,1402000,4,4,4,2700,4690,T,Near urban,Medium,Yes
289,1423000,1418000,5,5,4,2600,4518,T,Near urban,Old,Yes
290,1442000,1438000,4,4,4,3400,5289,T,Near urban,Medium,Yes
291,1501000,1498000,5,4,3,3100,6278,T,Near urban,Old,No
292,1512000,1503000,5,4,4,3200,5267,T,Near urban,Medium,Yes
293,1552000,1548000,4,4,3,2800,6289,T,Near urban,Medium,No
294,1571000,1569000,4,3,3,2700,6489,T,Near urban,Medium,No
295,1594000,1583000,4,3,4,2900,6689,T,Near urban,Medium,Yes
296,1451000,1449000,5,4,3,4100,6378,M,Urban,Old,No
297,1452000,1447000,4,4,5,3100,6189,M,Urban,Medium,Yes
298,1612000,1605000,4,3,3,3200,6890,M,Urban,Medium,No
299,1623000,1603000,4,4,3,2900,7520,M,Urban,Medium,No
300,1624000,1613000,5,4,3,2800,7369,M,Urban,Medium,No
301,1625000,1616000,5,4,3,2600,7590,M,Urban,Medium,Yes
302,1621000,1639000,3,3,4,3100,7000,M,Urban,Medium,Yes
303,1672000,1668000,4,3,5,3700,6378,M,Urban,Old,No
304,1753000,1734000,4,3,4,3200,7367,M,Urban,Medium,Yes
305,1826000,1815000,4,3,5,4000,5946,M,Downtown,New,No
306,1834000,1836000,3,3,4,2600,7589,M,Downtown,Medium,Yes
307,1874000,1869000,5,5,5,3400,6845,M,Downtown,Medium,Yes
308,1875000,1867000,3,2,3,3600,7534,M,Downtown,Medium,No
309,2001000,1998000,4,3,4,3400,7589,M,Downtown,Medium,Yes
310,2103000,2089000,4,4,5,4300,8645,M,Downtown,Medium,Yes
311,2106000,2098000,4,3,4,3600,6378,M,Downtown,New,Yes
312,2275000,2189000,5,5,6,2900,7878,M,Downtown,New,No
313,2274000,2198000,4,4,5,2800,8976,M,Downtown,Medium,Yes
314,2305000,2249000,5,5,7,4300,11923,M,Downtown,New,Yes
315,1602000,1597000,4,4,3,3300,6790,T,Near urban,Medium,Yes
316,1601000,1601000,4,4,3,3200,6590,T,Near urban,Old,No
317,1624000,1617000,4,3,4,2700,7539,T,Near urban,Old,No
318,1632000,1628000,4,3,4,2900,5378,T,Urban,Medium,No
319,1662000,1657000,4,3,3,2500,6789,T,Urban,Medium,No
320,1663000,1659000,5,4,4,2600,7267,T,Urban,Medium,Yes
321,1702000,1698000,4,4,6,3800,6789,T,Urban,Medium,No
322,1703000,1705000,5,4,5,3900,6868,T,Urban,Medium,No
323,1712000,1706000,4,3,3,2400,7378,T,Urban,Medium,No
324,1736000,1728000,4,3,4,2500,6045,T,Urban,Medium,Yes
325,1754000,1749000,5,4,5,3100,5478,T,Urban,New,No
326,1785000,1775000,4,3,4,3200,5898,T,Urban,Medium,Yes
327,1803000,1796000,4,4,6,4100,7489,T,Urban,Medium,No
328,1826000,1819000,5,4,7,3000,6948,T,Urban,Medium,Yes
329,1835000,1826000,3,4,5,2700,7890,T,Urban,Medium,No
330,1854000,1849000,3,3,4,3200,6698,T,Urban,Medium,No
331,1863000,1854000,3,3,4,3500,6879,T,Urban,Medium,No
332,1872000,1865000,4,4,4,3400,6589,T,Urban,Medium,Yes
333,1893000,1886000,3,3,4,2500,7589,T,Urban,Medium,Yes
334,1903000,1893000,4,3,4,3200,7346,T,Urban,Medium,No
335,2003000,1929000,3,3,4,3200,8478,T,Urban,Medium,No
336,2001000,2001000,5,4,5,3500,7656,T,Urban,New,No
337,2017000,2008000,4,4,5,2600,7588,T,Urban,Old,No
338,2024000,2015000,5,4,6,3100,8534,T,Urban,Medium,Yes
339,2106000,2098000,5,4,4,4200,7586,T,Urban,Medium,Yes
340,2156000,2148000,5,4,3,3000,6478,T,Urban,Medium,Yes
341,2157000,2148000,4,4,4,2700,6278,T,Urban,New,No
342,2178000,2143000,4,4,4,2800,5689,T,Urban,Medium,Yes
343,2194000,2198000,5,4,5,2900,5378,T,Urban,New,Yes
344,2204000,2210000,6,5,6,3000,6578,T,Urban,Medium,No
345,2237000,2148000,5,5,6,3200,7489,T,Urban,Medium,Yes
346,2245000,2239000,5,5,6,3600,6378,T,Downtown,New,Yes
347,2254000,2245000,5,5,6,3500,7345,T,Downtown,Medium,Yes
348,2265000,2258000,5,5,7,3400,8378,T,Downtown,New,Yes
349,2303000,2302000,4,4,8,4100,9987,T,Downtown,Medium,No
350,2305000,2305000,6,6,7,4200,10456,T,Downtown,Medium,Yes
351,2334000,2329000,6,6,8,4500,11134,M,Downtown,New,No
352,2374000,2357000,5,5,6,3700,10298,M,Downtown,New,Yes
353,3002000,2989000,4,4,5,3600,10234,M,Downtown,Medium,Yes
354,3054000,3040000,5,5,6,3000,10123,M,Downtown,Medium,Yes
355,4491000,4389000,4,4,5,4500,16745,M,Downtown,New,Yes
356,4561000,4468000,6,6,9,5100,22576,M,Downtown,New,Yes
357,4732000,4659000,6,5,7,5000,18467,M,Downtown,New,Yes
358,4757000,4639000,6,5,9,5200,21678,M,Downtown,New,No
359,4512000,4423000,4,4,6,4600,21678,T,Downtown,Old,Yes
360,4551000,4469000,6,5,8,4800,22678,T,Downtown,New,Yes
361,2356000,2346000,4,4,5,3500,9345,T,Downtown,Medium,Yes
362,2503000,2493000,5,5,6,3800,9420,T,Downtown,Medium,No
363,2504000,2493000,5,5,6,3500,9759,T,Downtown,New,Yes
364,2603000,2596000,7,6,9,3600,10248,T,Downtown,Medium,No
365,2804000,2796000,6,5,6,4300,9879,T,Downtown,New,Yes
366,2801000,2795000,5,5,5,4200,10290,T,Downtown,Medium,No
367,2824000,2823500,6,6,6,3000,11456,T,Downtown,Old,Yes
368,3012000,2975000,5,5,5,3400,11000,T,Downtown,New,Yes
369,3082000,2986000,5,5,6,2900,9020,T,Downtown,New,Yes
370,3153000,3148000,4,4,5,3000,10234,T,Downtown,New,No
371,3172000,3158000,4,4,5,3100,10392,T,Downtown,Medium,Yes
372,3254000,3248000,6,5,6,3200,12356,T,Downtown,Medium,Yes
373,3302000,3298000,6,6,6,3300,12345,T,Downtown,Medium,Yes
374,3374000,3364000,5,5,5,3100,12678,T,Downtown,Medium,Yes
375,3384000,3384000,5,4,5,4100,13453,T,Downtown,Medium,Yes
376,3652000,3648000,4,4,5,3600,13678,T,Downtown,Old,Yes
377,3702000,3698000,4,4,5,2900,14567,T,Downtown,Medium,No
378,3804000,3798000,5,5,6,2900,18675,T,Downtown,New,Yes
379,3823000,3819000,6,5,6,3000,17967,T,Downtown,New,Yes
380,3854000,3847000,4,4,5,3600,17587,T,Downtown,New,Yes
381,3893000,3889000,4,4,5,3000,16576,T,Downtown,Medium,No
382,3994000,3886000,5,5,6,4100,15786,T,Downtown,New,Yes
383,4152000,4058000,5,5,6,4100,15897,T,Downtown,New,Yes
384,4443000,4279000,5,4,7,4300,16356,T,Downtown,Old,Yes
385,4524000,4498000,5,5,7,4700,22675,T,Downtown,New,Yes
386,5012000,4987000,7,6,10,5300,22678,T,Downtown,New,Yes
387,4215000,4208000,6,5,5,4200,16356,T,Downtown,New,Yes
388,1060000,1057000,3,3,2,2200,5012,M,Near urban,Medium,Yes
389,821000,815000,2,2,2,1700,3515,M,Suburb,Medium,No
390,1138000,1127000,4,4,5,2600,5645,M,Near urban,Old,Yes
391,920000,832000,4,3,3,2000,4834,M,Suburb,Old,Yes
392,1617000,1604000,5,4,5,3100,7534,M,Urban,Medium,Yes
393,1440000,1438000,4,3,6,4000,6545,M,Urban,Medium,Yes
394,1367000,1354000,5,4,5,3000,6745,M,Urban,Medium,Yes
395,945000,931000,4,3,5,2000,4712,M,Suburb,Old,No
396,1120000,1080000,6,4,4,1700,6434,M,Near urban,Old,No
397,1216000,1212000,4,4,7,2600,6245,M,Near urban,Old,No
398,950000,934000,3,3,5,2400,5189,M,Suburb,Old,No
399,1340000,1329000,5,4,3,2100,5734,M,Urban,Medium,Yes
400,1320000,1317000,4,4,3,2500,6478,M,Urban,Medium,Yes
401,1255000,1244000,3,2,3,2800,2857,T,Suburb,Old,No
402,2110000,2023000,4,3,6,3100,6145,T,Urban,New,Yes
403,1223000,1175000,4,4,3,3000,4189,T,Suburb,Old,No
404,1840000,1834000,3,3,5,2800,6145,T,Urban,Medium,Yes
405,1612000,1594000,4,3,4,3000,5608,T,Near urban,Old,No
406,1150000,1148000,3,2,2,2600,3156,T,Suburb,Medium,No
407,1275000,1269000,3,3,2,2400,4589,T,Near urban,Old,No
408,3080000,2985000,5,3,5,2800,8145,T,Downtown,New,No
409,1504000,1498000,4,3,5,3000,5890,T,Near urban,Medium,Yes
410,1235000,1226000,2,2,4,1600,3856,T,Suburb,Medium,Yes
411,1306000,1295000,3,3,2,2900,4156,T,Near urban,Old,Yes
412,1308000,1314000,3,2,3,2800,4014,T,Near urban,Medium,No
413,1351000,1347000,5,4,6,2600,5125,T,Near urban,Medium,No
414,1118000,1104000,4,4,3,2100,4567,T,Suburb,Old,No
415,3190000,3194000,5,4,6,3000,9045,T,Downtown,New,Yes
416,2780000,2745000,4,4,3,3700,8145,T,Downtown,New,Yes
417,1775000,1765000,4,3,2,3000,4012,T,Urban,Medium,No
418,3887000,3874000,4,3,6,3300,14256,T,Downtown,New,No
419,2216000,2204000,5,4,6,2900,6678,T,Urban,New,No
420,2817000,2804000,5,4,6,3800,8790,T,Downtown,Medium,No
421,1697000,1659000,5,4,4,3900,6534,T,Urban,Old,Yes
422,2230000,2219000,6,4,4,3100,6256,T,Urban,Medium,Yes
423,1138000,1127000,5,4,5,2500,5267,T,Suburb,Old,Yes
424,1865000,1854000,5,4,3,3300,6367,T,Urban,Medium,No
425,4145000,4105000,5,4,4,4500,12590,T,Downtown,New,Yes
426,1040000,1034000,3,3,6,2400,4145,T,Suburb,Medium,Yes
427,1356000,1357000,4,3,4,2800,4256,T,Near urban,Old,No
428,3640000,3612000,5,4,5,3600,12789,T,Downtown,Medium,No
429,1387000,1378000,3,3,2,1800,4315,T,Near urban,Old,Yes
430,3690000,3680000,5,3,6,3000,8689,T,Downtown,New,No
431,2290000,2284000,4,3,5,2500,7456,T,Downtown,New,Yes
432,2010000,1982000,5,3,2,2900,6145,T,Urban,Medium,Yes
433,3365000,3353000,4,3,5,3000,11897,T,Downtown,New,No
434,3852000,3794000,3,3,6,3100,13534,T,Downtown,Medium,No
435,1402000,1394000,4,4,3,2900,4167,T,Near urban,Medium,Yes
436,4432000,4421000,4,4,6,4100,15267,T,Downtown,New,No
437,4498000,4499000,4,4,7,4500,20589,T,Downtown,New,Yes
438,3812000,3805000,4,3,5,3000,14256,T,Downtown,Medium,Yes
439,1215000,1205000,5,4,6,2900,5390,T,Suburb,Old,Yes
440,1438000,1418000,6,5,3,3100,5012,T,Near urban,Old,No
441,1658000,1648000,4,4,5,2600,4756,T,Urban,Old,No
442,2031000,1991000,5,4,5,3400,8145,T,Urban,Medium,No
443,781200,784000,2,1,2,1600,2980,T,Suburb,Medium,Yes
444,1624000,1614000,4,3,4,2900,7345,T,Near urban,Old,Yes
445,1989000,1965000,5,4,6,3000,7345,T,Urban,Medium,No
446,2147000,2138000,5,4,6,2900,5356,T,Urban,Medium,No
447,1598000,1586000,3,3,2,2500,6145,T,Near urban,Medium,Yes
448,1318000,1305000,3,3,2,2800,4189,T,Near urban,Old,No
449,3297000,3285000,5,4,3,3100,11897,T,Downtown,New,Yes
450,1658000,1657000,5,4,6,2800,4267,T,Urban,Medium,Yes
451,1154000,1158000,4,3,2,2900,3414,T,Suburb,Medium,Yes
452,1853000,1843000,5,3,7,3100,6876,T,Urban,Medium,Yes
453,1168000,1164000,3,3,4,2700,3845,T,Suburb,Medium,Yes
454,1182000,1175000,4,3,3,2800,3756,T,Suburb,Old,No
455,1074000,984000,3,3,2,2000,4189,T,Suburb,Old,Yes
456,898000,903400,3,2,2,1650,3156,T,Suburb,Medium,Yes
457,1746000,1734000,4,4,3,2600,6712,T,Urban,Medium,Yes
458,1248230,1243000,3,3,5,2300,2658,T,Suburb,Old,No
459,754000,753800,2,1,2,1580,2750,T,Suburb,Old,No
460,1851000,1849000,4,3,6,3000,6456,T,Urban,Medium,No
461,1349000,1348000,4,4,6,2500,4156,T,Near urban,Old,Yes
462,1824000,1823000,4,3,6,4100,6123,T,Urban,New,Yes
463,2501000,2491000,3,3,4,3700,9145,T,Downtown,Medium,No
464,1153000,1151000,4,3,3,2100,3645,T,Suburb,Old,Yes
465,1409000,1398000,3,3,5,2400,4056,T,Near urban,Old,Yes
466,1123000,1121000,4,3,2,1500,3546,T,Suburb,Medium,Yes
467,1592000,1593000,4,3,5,3000,6512,T,Near urban,Old,No
468,3794000,3721000,5,3,6,3000,15234,T,Downtown,New,No
469,1989000,1989000,6,4,7,2900,7145,T,Urban,Medium,Yes
470,2340000,2339000,6,5,6,4100,6912,T,Downtown,Medium,Yes
471,1793000,1791000,3,2,4,3100,6190,T,Urban,Medium,No
472,1148000,1147000,3,2,3,2500,5034,T,Suburb,Old,No
473,1207000,1197000,3,3,2,2400,5412,T,Suburb,Medium,Yes
474,874300,869000,3,2,2,1800,3357,T,Suburb,Old,Yes
475,3148000,3137000,4,3,5,2800,9145,T,Downtown,Medium,Yes
476,1584000,1578000,5,4,3,2600,6145,T,Near urban,Medium,Yes
477,1834000,1832000,4,4,3,2500,7456,T,Urban,New,No
478,2291000,2287000,3,2,5,2600,7145,T,Downtown,Medium,No
479,854000,851000,4,3,3,1500,3578,T,Suburb,Medium,Yes
480,2185000,2145000,5,3,6,3000,5145,T,Urban,Medium,No
481,890100,900100,3,2,2,1750,3419,T,Suburb,Medium,No
482,799000,801000,3,2,4,1600,2890,T,Suburb,Old,Yes
483,1384000,1381000,4,4,3,2600,4941,T,Near urban,Medium,No
484,1278000,1269000,2,2,5,2500,4356,T,Near urban,Old,Yes
485,1381000,1378000,5,3,6,2500,4623,T,Near urban,Old,Yes
486,1391000,1382000,3,2,5,2400,4156,T,Near urban,Medium,No
487,1181000,1175000,3,3,2,2500,3715,T,Suburb,Medium,Yes
488,3379000,3368000,4,3,5,4200,10757,T,Downtown,New,Yes
489,1491000,1482000,4,4,3,3000,6212,T,Near urban,Old,No
490,2081000,1923000,4,3,5,3200,8324,T,Urban,Medium,No
491,1418000,1407000,5,4,6,2100,4567,T,Near urban,Old,Yes
492,2581000,2578000,6,5,5,3600,9356,T,Downtown,New,Yes
493,675000,682000,1,1,1,1600,2680,T,Suburb,Old,No
494,5156000,5123000,7,5,10,5200,23645,T,Downtown,New,Yes
495,1549000,1543000,5,4,5,3100,5423,T,Near urban,Old,No
496,3051000,2989000,4,3,5,3100,8456,T,Downtown,Medium,No
497,2173000,2152000,5,3,5,3000,4156,T,Urban,Medium,No
498,1164000,1157000,4,3,3,2700,3716,T,Suburb,Old,No
499,1294000,1285000,3,3,2,2800,4156,T,Near urban,Old,No
500,2234000,2215000,5,3,7,2800,6045,T,Urban,New,No
501,1701000,1702000,4,3,5,3600,6587,T,Urban,Old,No
502,2259000,2247000,4,4,5,3600,7378,T,Downtown,Medium,No
503,4590000,4589000,5,4,6,4800,21846,T,Downtown,New,No
504,948000,943000,4,3,2,2300,4654,T,Suburb,Medium,Yes
505,2493000,2486000,5,3,4,4800,9014,T,Downtown,Medium,Yes
506,1297000,1295000,4,3,4,2100,4378,T,Near urban,Medium,Yes
507,1067000,1059000,4,4,5,2000,5045,T,Suburb,Old,No
508,845000,843000,3,3,2,1800,3589,T,Suburb,Medium,Yes
509,2791000,2789000,4,3,4,3800,9359,T,Downtown,Medium,No
510,1089000,1058000,5,3,5,2000,5178,T,Suburb,Medium,No
511,1409000,1399000,4,4,4,2600,4812,T,Near urban,Old,No
512,1564000,1562000,5,4,5,2900,6167,T,Near urban,Old,Yes
513,1734000,1738000,3,3,2,2600,6367,T,Urban,Medium,No
514,1352000,1347000,4,3,4,2700,5167,T,Near urban,Old,No
515,3992000,3991000,3,3,4,3800,13590,T,Downtown,Medium,No
516,1835000,1831000,4,3,5,2900,6856,T,Urban,New,Yes
517,1693000,1700000,4,3,5,3500,6156,T,Urban,Medium,Yes
518,3008000,2999000,6,3,4,3500,10139,T,Downtown,Medium,Yes
519,2153000,2152000,4,4,6,3000,5467,T,Urban,Medium,No
520,1248000,1247000,4,3,4,2500,2867,T,Suburb,Old,Yes
521,1040000,1039000,4,3,5,2100,4189,M,Near urban,Old,No
522,843000,841000,4,3,4,1700,3478,M,Suburb,Old,Yes
523,1131000,1129000,4,4,3,1700,5734,M,Near urban,Old,No
524,1614000,1604000,4,4,5,3200,6765,M,Urban,Old,No
525,1437000,1436000,4,4,3,2900,4856,M,Urban,Medium,No
526,4738000,4736000,6,4,5,4800,14509,M,Downtown,New,No
527,1369000,1361000,5,3,4,3200,5178,M,Urban,Old,No
528,4491000,4482000,4,3,6,4100,16380,M,Downtown,New,No
529,1158000,1154000,5,3,5,2500,5178,M,Near urban,Medium,Yes
530,2289000,2289000,4,3,5,2900,7485,M,Downtown,Medium,Yes
531,931000,930000,3,2,4,2100,5167,M,Suburb,Old,No
532,1179000,1178000,5,3,4,2500,3167,M,Near urban,Medium,Yes
533,1145800,1143700,4,3,4,2100,5312,M,Near urban,Old,Yes
534,2271500,2270400,4,4,5,3600,8367,M,Downtown,Medium,No
535,3000000,3001000,5,4,7,3600,10159,M,Downtown,New,No
536,1873000,1872000,5,3,4,3300,6256,M,Downtown,New,No
537,1358000,1343000,4,3,5,2800,4645,M,Urban,Old,No
538,956000,953000,3,3,3,2000,4578,M,Suburb,Medium,Yes
539,1845000,1836000,5,4,6,3000,6478,M,Downtown,Medium,Yes
540,1129000,1127000,4,3,5,1800,5178,M,Near urban,Medium,Yes
541,1210000,1208000,4,3,4,3000,5367,M,Near urban,Medium,No
542,945600,943500,3,3,2,2100,4656,M,Suburb,Old,No
543,1659000,1647000,4,4,3,2900,5167,M,Urban,Old,No
544,1854000,1835000,4,3,5,3100,6478,M,Downtown,Medium,No
545,935000,934000,4,3,3,2200,5278,M,Suburb,Old,No
546,4543000,4542000,4,4,6,4600,22598,M,Downtown,New,No
547,2000000,2001000,5,3,4,3600,7478,M,Downtown,Medium,No
548,1421000,1415000,4,3,5,2800,5167,M,Urban,Medium,Yes
549,1035300,1032100,4,4,3,2300,4812,M,Near urban,Old,Yes
550,1263000,1243000,3,3,3,2700,3656,M,Near urban,Old,No
551,1052000,1048000,3,3,2,2100,4312,M,Near urban,Medium,Yes
552,1035000,1032000,4,4,2,2000,4756,M,Near urban,Medium,No
553,964000,963000,4,3,5,1900,4867,M,Suburb,Old,Yes
554,914000,912000,3,3,2,1650,4678,M,Suburb,Medium,Yes
555,2998000,2983000,5,4,6,3900,9260,M,Downtown,Medium,Yes
556,1358000,1343000,5,3,4,2900,4867,M,Urban,Medium,Yes
557,1379000,1357000,5,4,6,2700,5189,M,Urban,Old,No
558,2364000,2359000,4,3,4,3600,10145,M,Downtown,New,No
559,1601000,1610000,5,3,5,3000,6634,M,Urban,Old,No
560,824000,823900,2,2,3,1800,3267,M,Suburb,Old,Yes
561,924000,923800,3,3,4,1900,4823,M,Suburb,Old,No
562,861000,862000,4,3,5,1700,3867,M,Suburb,Old,Yes
563,835000,834000,4,3,4,1900,3689,M,Suburb,Old,No
564,813000,812000,3,2,3,2300,2946,M,Suburb,Old,No
565,891000,882000,4,3,3,1650,3167,M,Suburb,Old,Yes
566,1081000,1079000,4,3,5,2100,4178,M,Near urban,Old,Yes
567,1821000,1822000,5,4,7,3800,5867,M,Downtown,New,Yes
568,1289000,1287000,5,3,5,2500,4167,M,Near urban,Old,No
569,815000,813000,3,3,4,1800,3178,M,Suburb,Medium,No
570,964000,963400,3,2,3,1800,4912,M,Suburb,Old,No
571,994000,993900,3,3,5,1900,5367,M,Near urban,Medium,Yes
572,854000,852000,4,4,5,1600,3756,M,Suburb,Old,No
573,2093000,2089000,5,3,3,3100,8367,M,Downtown,Medium,Yes
574,835000,834900,4,2,3,1600,3367,M,Suburb,Medium,No
575,1138000,1137000,5,4,3,2300,5189,M,Near urban,Medium,No
576,1623000,1621000,5,4,5,3000,7367,M,Urban,Old,Yes
577,2331000,2330000,5,4,6,4100,10569,M,Downtown,Medium,No
578,1430000,1428000,5,4,5,2800,4478,M,Urban,Old,Yes
579,997000,996500,4,3,4,2100,5487,M,Near urban,Old,Yes
580,4734000,4733000,5,4,7,4900,19280,M,Downtown,New,Yes
581,1758000,1757000,4,3,6,2900,5367,M,Urban,New,Yes
582,1152000,1148000,3,3,3,2000,3645,M,Near urban,Old,Yes
583,2268000,2259000,4,3,6,3500,8167,M,Downtown,New,Yes
584,1353000,1348000,5,4,4,3000,5034,M,Urban,Medium,Yes
585,1123000,1122000,5,4,3,1800,3278,M,Near urban,Medium,Yes
586,924000,915000,3,2,4,1950,4867,M,Suburb,Medium,Yes
587,805000,802000,3,2,3,1900,2856,M,Suburb,Old,No
588,818000,815000,2,2,3,1600,4167,M,Suburb,Old,Yes
589,1624000,1623000,3,3,3,3100,7167,M,Urban,Medium,No
590,1331300,1332000,5,4,5,2900,4378,M,Near urban,Old,Yes
591,2104100,2117000,5,4,5,4500,9035,M,Downtown,Medium,No
592,1623000,1621000,4,4,5,2900,7467,M,Urban,Medium,Yes
593,673000,662000,2,2,1,1600,2589,T,Suburb,Old,No
594,762000,757000,2,2,2,1700,2786,T,Suburb,Medium,Yes
595,787000,768000,3,3,4,1800,3278,T,Suburb,Medium,No
596,812000,821000,3,2,3,2100,2768,T,Suburb,Old,Yes
597,852000,845000,3,3,3,1900,3678,T,Suburb,Old,No
598,863000,858000,3,3,3,1900,4734,T,Suburb,Medium,No
599,875000,863000,4,3,3,2000,3578,T,Suburb,Old,Yes
600,893000,876000,4,3,3,1750,3256,T,Suburb,Old,No
601,901000,900000,3,3,2,1600,3389,T,Suburb,Medium,No
602,953000,952000,4,3,4,2000,4276,T,Suburb,Medium,Yes
603,1048000,1037000,4,2,3,2200,4245,T,Suburb,Old,Yes
604,1073000,1068000,3,2,5,2100,4034,T,Suburb,Medium,No
605,1081000,1078000,5,3,4,2400,3426,T,Suburb,Medium,No
606,1076000,1076000,4,2,4,2200,4525,T,Suburb,Old,Yes
607,1124000,1125000,3,3,4,1600,3745,T,Suburb,Medium,Yes
608,1128000,1124000,5,4,3,1800,4526,T,Suburb,Medium,Yes
609,1146000,1145000,3,3,4,2000,5426,T,Suburb,Medium,Yes
610,1151000,1143000,4,3,5,2500,3325,T,Suburb,Old,Yes
611,1146000,1147000,4,3,5,2100,5315,T,Suburb,Old,No
612,1161000,1159000,3,3,5,2800,5167,T,Suburb,Medium,Yes
613,1171000,1169000,4,3,5,2500,3178,T,Suburb,Medium,Yes
614,1169000,1167000,4,3,5,2800,3267,T,Suburb,Old,No
615,812000,800000,2,2,4,2000,2754,M,Suburb,Old,No
616,811000,812000,3,2,2,1800,2856,M,Suburb,Medium,Yes
617,823000,821000,4,3,4,1600,3689,M,Suburb,Old,No
618,819000,816000,3,3,4,1700,4012,M,Suburb,Medium,No
619,820000,817000,3,3,2,1800,3578,M,Suburb,Old,Yes
620,831000,829000,4,3,4,1700,3689,M,Suburb,Old,No
621,829000,838000,3,3,2,1500,3578,M,Suburb,Medium,Yes
622,835000,832000,3,3,4,1400,3867,M,Suburb,Medium,Yes
623,863000,854000,4,3,5,1800,4378,M,Suburb,Old,Yes
624,861000,857000,4,3,5,1500,4012,M,Suburb,Medium,No
625,899000,876000,4,3,4,1500,3278,M,Suburb,Old,Yes
626,918000,903000,4,3,4,1580,4586,M,Suburb,Old,No
627,921000,918000,3,3,4,1900,4689,M,Suburb,Medium,Yes
628,932000,931000,4,3,5,2000,5167,M,Suburb,Old,Yes
629,930000,928000,3,3,5,2100,5378,M,Suburb,Old,Yes
630,939000,935000,4,3,4,2100,5256,M,Suburb,Medium,No
631,949000,943000,2,2,4,2100,3779,M,Suburb,Medium,Yes
632,952000,951000,4,3,5,1900,4015,M,Suburb,Old,No
633,976000,976000,4,4,3,1800,4734,M,Near urban,Medium,Yes
634,981000,978000,3,2,4,1800,4378,M,Near urban,Old,Yes
635,1001000,997000,3,2,4,2400,4835,M,Near urban,Old,No
636,1032000,1031000,3,3,4,2300,4389,M,Near urban,Medium,Yes
637,1040000,1039000,3,2,4,2000,4035,M,Near urban,Old,Yes
638,1048000,1042000,3,3,4,2400,4278,M,Near urban,Medium,Yes
639,1042000,1041000,3,3,5,2100,4167,M,Near urban,Old,No
640,1069000,1058000,4,3,5,2500,4956,M,Near urban,Old,Yes
641,1101000,1096000,4,3,5,2100,5178,M,Near urban,Old,Yes
642,1123000,1113000,4,3,5,1600,3536,M,Near urban,Old,No
643,1137000,1126000,4,4,4,2000,5315,M,Near urban,Old,No
644,1140000,1139000,3,3,4,2200,5436,M,Near urban,Old,Yes
645,1147000,1146000,3,3,6,2400,5156,M,Near urban,Medium,Yes
646,1154000,1152000,3,3,5,3000,3678,M,Near urban,Old,Yes
647,1152000,1151000,3,3,4,2600,3657,M,Near urban,Medium,No
648,1159000,1158000,3,3,5,2900,5167,M,Near urban,Old,No
649,1181000,1172000,4,3,5,2600,3656,T,Suburb,Old,No
650,1187000,1172000,3,3,4,2500,4736,T,Suburb,Medium,Yes
651,1182000,1179000,3,3,5,3100,3836,M,Near urban,Old,Yes
652,1203000,1203000,4,3,5,2600,5368,T,Suburb,Old,No
653,1204000,1197000,3,3,5,2700,5478,M,Near urban,Old,Yes
654,1212000,1205000,5,3,4,2900,5536,T,Suburb,Medium,Yes
655,1221000,1218000,5,3,6,2900,6416,T,Suburb,Medium,No
656,1216000,1220000,5,4,6,2800,6356,T,Suburb,Old,Yes
657,1245000,1243000,5,4,3,2800,2546,T,Suburb,Old,No
658,1253000,1252000,4,3,4,2500,2648,T,Suburb,Medium,Yes
659,1254000,1254000,4,3,5,2700,2758,T,Suburb,Old,No
660,1263000,1262000,4,3,4,2800,3745,T,Near urban,Old,No
661,1273000,1271000,3,2,4,3000,4736,M,Near urban,Old,Yes
662,1286000,1284000,4,3,6,2800,4526,M,Urban,Old,No
663,1332000,1312000,5,3,4,3000,4420,M,Urban,Old,Yes
664,1351000,1347000,4,3,5,2500,5259,M,Urban,Old,Yes
665,1346000,1347000,4,3,5,2000,5490,M,Urban,Old,No
666,1352000,1347000,5,3,4,2600,5018,M,Urban,Medium,Yes
667,1371000,1369000,4,2,4,2900,5167,M,Urban,Old,No
668,1382000,1381000,4,3,6,2600,4725,M,Urban,Old,No
669,1412000,1406000,4,4,3,2800,6549,M,Urban,Old,Yes
670,1451000,1436000,4,3,5,4000,6378,M,Urban,Medium,Yes
671,1281000,1273000,4,3,5,2700,4548,T,Near urban,Old,Yes
672,1283000,1274000,3,3,4,2500,4726,T,Near urban,Medium,No
673,1299000,1295000,5,3,4,3000,4424,T,Near urban,Old,No
674,1304000,1294000,5,3,3,2500,5267,T,Near urban,Old,Yes
675,1306000,1306000,4,4,3,2800,4034,T,Near urban,Medium,Yes
676,1306000,1298000,5,3,4,2700,3989,T,Near urban,Old,Yes
677,1325000,1316000,4,3,4,2900,4409,T,Near urban,Medium,No
678,1353000,1353000,4,3,5,3100,5046,T,Near urban,Old,Yes
679,1346000,1343000,5,4,3,2500,5519,T,Near urban,Medium,No
680,1348000,1345000,4,3,5,2300,5435,T,Near urban,Medium,Yes
681,1361000,1359000,3,3,2,3000,4736,T,Near urban,Old,Yes
682,1376000,1368000,4,3,5,3100,5057,T,Near urban,Medium,Yes
683,1383000,1376000,3,2,5,2400,4757,T,Near urban,Medium,Yes
684,1385000,1386000,5,3,5,1600,4378,T,Near urban,Old,Yes
685,1402000,1401000,5,3,4,2500,4257,T,Near urban,Medium,No
686,1417000,1410000,4,2,4,2600,4957,T,Near urban,Medium,No
687,1412000,1411000,5,3,4,2700,6637,T,Near urban,Old,Yes
688,1416000,1417000,4,3,5,2800,4857,T,Near urban,Old,Yes
689,1415000,1406000,5,3,4,3000,4756,T,Near urban,Old,No
690,1441000,1436000,5,3,5,3100,5267,T,Near urban,Old,No
691,1491000,1486000,4,3,3,3500,6167,T,Near urban,Old,Yes
692,1501000,1498000,4,3,4,3200,6278,T,Near urban,Medium,No
693,1542000,1534000,4,3,3,3000,5389,T,Near urban,Old,No
694,1579000,1564000,4,3,4,2500,6267,T,Near urban,Old,No
695,1578000,1562000,5,3,4,2800,6537,T,Near urban,Medium,Yes
696,1432000,1427000,5,3,4,2500,4869,M,Urban,Medium,Yes
697,1431000,1412000,4,3,5,2900,4879,M,Urban,Medium,No
698,1602000,1610000,3,3,3,3100,6936,M,Urban,Old,Yes
699,1621000,1620000,4,3,4,2900,7287,M,Urban,Old,No
700,1615000,1613000,5,3,4,3000,7167,M,Urban,Medium,Yes
701,1623000,1621000,4,3,4,2600,7538,M,Urban,Old,No
702,1620000,1618000,5,4,5,3000,7629,M,Urban,Old,No
703,1671000,1668000,5,4,6,3100,6267,M,Urban,Medium,Yes
704,1751000,1748000,4,4,6,3100,8156,M,Urban,Old,No
705,1818000,1809000,5,4,5,4200,7535,M,Downtown,Medium,No
706,1832000,1831000,4,3,5,2400,7438,M,Downtown,New,Yes
707,1869000,1868000,5,3,6,3000,6489,M,Downtown,Medium,Yes
708,1871000,1870000,4,4,4,2800,6539,M,Downtown,New,No
709,2000000,1998000,5,4,5,3500,7589,M,Downtown,New,No
710,2105000,2089000,5,3,4,4600,12678,M,Downtown,Medium,No
711,2103000,2091000,5,4,5,4100,8748,M,Downtown,Medium,No
712,2275000,2273000,4,4,4,2800,7689,M,Downtown,New,No
713,2271000,2270000,4,4,5,3000,8256,M,Downtown,New,Yes
714,2298000,2289000,4,4,5,2700,7467,M,Downtown,New,Yes
715,1597000,1595000,5,4,4,2400,6256,T,Near urban,Medium,No
716,1598000,1595000,4,3,4,2800,6367,T,Near urban,Old,Yes
717,1623000,1621000,5,4,5,2500,7554,T,Near urban,Medium,Yes
718,1631000,1630000,4,3,5,2800,7646,T,Urban,Old,Yes
719,1659000,1658000,3,3,4,2600,5256,T,Urban,Old,No
720,1662000,1661000,5,3,4,2800,6826,T,Urban,Old,Yes
721,1701000,1700000,5,4,5,3500,6646,T,Urban,Old,No
722,1702000,1701000,4,3,5,3600,6790,T,Urban,Old,Yes
723,1711000,1710000,4,4,5,2500,7167,T,Urban,Old,Yes
724,1732000,1731000,5,3,4,2700,7356,T,Urban,Old,No
725,1751000,1748000,5,4,4,3000,7256,T,Urban,Medium,Yes
726,1781000,1780000,4,4,4,3100,3956,T,Urban,New,Yes
727,1799000,1789000,4,3,5,4000,6267,T,Urban,New,No
728,1823000,1821000,4,3,5,3900,5968,T,Urban,Medium,No
729,1831000,1830000,4,4,4,3100,7046,T,Urban,Medium,No
730,1852000,1851000,4,3,5,2900,6589,T,Urban,New,No
731,1861000,1859000,4,4,4,3100,6835,T,Urban,Medium,Yes
732,1871000,1869000,5,3,5,3000,6645,T,Urban,Medium,No
733,1891000,1889000,4,4,3,3100,7489,T,Urban,Medium,No
734,1902000,1900000,4,4,3,2800,6849,T,Urban,Medium,Yes
735,2002000,2001000,4,4,5,3000,7736,T,Urban,New,No
736,2000000,1990000,4,3,4,3100,7629,T,Urban,Medium,Yes
737,2016000,2015000,5,4,5,2800,6589,T,Urban,Medium,No
738,2023000,2021000,4,4,3,2700,8735,T,Urban,New,Yes
739,2104000,2091000,4,4,4,4200,8846,T,Urban,Medium,Yes
740,2154000,2152000,5,3,4,3100,5589,T,Urban,Medium,Yes
741,2155000,2154000,4,4,4,3500,6459,T,Urban,Medium,No
742,2175000,2172000,5,3,5,2600,5589,T,Urban,Medium,No
743,2193000,2185000,4,4,3,2800,5278,T,Urban,New,No
744,2213000,2215000,5,3,4,3100,6590,T,Urban,New,Yes
745,2235000,2234000,4,4,3,3100,7267,T,Urban,Medium,No
746,2243000,2240000,5,3,5,3300,6268,T,Downtown,Medium,No
747,2251000,2250000,4,4,4,3600,7046,T,Downtown,Medium,Yes
748,2263000,2261000,4,3,5,3100,8041,T,Downtown,Medium,No
749,2301000,2300000,5,3,6,4100,8968,T,Downtown,Medium,No
750,2304000,2301000,4,4,4,4000,9968,T,Downtown,Medium,Yes
751,2331000,2330000,5,4,6,4200,10646,M,Downtown,New,Yes
752,2372000,2371000,4,4,4,3500,10256,M,Downtown,Medium,No
753,3000000,2999000,5,4,6,3500,10167,M,Downtown,New,No
754,3052000,3051000,5,3,5,2900,9467,M,Downtown,New,Yes
755,4489000,4488000,5,4,6,4200,16478,M,Downtown,Medium,No
756,4560000,4520000,5,5,6,4600,22657,M,Downtown,New,Yes
757,4731000,4729000,5,4,4,4800,14267,M,Downtown,New,No
758,4754000,4750000,5,3,5,5100,15267,M,Downtown,New,Yes
759,4510000,4509000,4,4,5,4500,20467,T,Downtown,Medium,Yes
760,4550000,4548000,5,3,5,4700,21567,T,Downtown,New,No
761,2354000,2353000,4,3,4,3100,9046,T,Downtown,Medium,No
762,2501000,2500000,4,4,5,3100,9267,T,Downtown,New,Yes
763,2500000,2498000,5,3,4,4500,8978,T,Downtown,Medium,Yes
764,2598000,2595000,5,5,4,3500,9469,T,Downtown,Medium,No
765,2797000,2795000,5,4,5,4000,9548,T,Downtown,Medium,No
766,2801000,2791000,4,4,5,4100,9689,T,Downtown,New,Yes
767,2823000,2821000,6,5,6,3500,9056,T,Downtown,Medium,No
768,3010000,3010000,5,4,5,3100,9890,T,Downtown,Medium,No
769,3081000,3080000,4,4,5,2700,8267,T,Downtown,New,No
770,3151000,3148000,4,4,4,2600,9002,T,Downtown,Medium,Yes
771,3171000,3170000,4,3,5,3000,10367,T,Downtown,New,No
772,3253000,3258000,5,4,5,3100,9356,T,Downtown,Medium,No
773,3301000,3300000,4,4,5,3200,12256,T,Downtown,New,Yes
774,3372000,3371000,4,3,4,2900,10456,T,Downtown,New,No
775,3382000,3380000,4,3,4,4000,12857,T,Downtown,Medium,No
776,3651000,3650000,5,3,4,3400,14969,T,Downtown,Medium,Yes
777,3701000,3702000,5,4,5,2700,13980,T,Downtown,New,No
778,3802000,3801000,4,4,4,2800,15389,T,Downtown,Medium,No
779,3821000,3820000,5,3,4,3100,15389,T,Downtown,New,No
780,3851000,3850000,4,4,4,3000,12567,T,Downtown,Medium,Yes
781,3891000,3890000,5,4,5,3100,15267,T,Downtown,New,Yes
782,3958000,3957000,5,3,4,3400,14214,T,Downtown,Medium,No
783,4151000,4150000,4,3,5,4300,15267,T,Downtown,Medium,No
784,4438000,4435000,4,4,4,4200,16267,T,Downtown,New,No
785,4515000,4510000,4,4,4,4100,21757,T,Downtown,Medium,No
786,5010000,5000000,6,5,7,5000,20467,T,Downtown,New,No
787,4216000,4215000,5,4,5,4000,15167,T,Downtown,Medium,Yes
788,1059000,1058000,4,3,5,2000,4869,M,Near urban,Old,No
789,821000,820000,3,3,3,1800,3616,M,Suburb,Old,No
790,1135000,1134000,4,3,4,19000,5024,M,Near urban,Medium,No
791,919000,918000,4,3,4,1600,4645,M,Suburb,Medium,No
792,1615000,1614000,4,4,4,2900,7018,M,Urban,Medium,No
793,1439000,1438000,5,5,6,2800,4515,M,Urban,Old,Yes
794,1365000,1364000,4,3,4,3100,5235,M,Urban,Medium,No
795,942000,941000,3,3,4,2300,4690,M,Suburb,Old,Yes
796,1120000,1119000,5,4,3,1900,3489,M,Near urban,Old,Yes
797,1215000,1214000,4,3,5,2600,5289,M,Near urban,Medium,Yes
798,948000,945000,3,3,4,2500,4528,M,Suburb,Old,No
799,1339000,1337000,4,3,5,3100,5389,M,Urban,Old,Yes
800,1319000,1315000,4,3,5,2900,4619,M,Urban,Old,No